"Cuenta";"Nombre_cuenta";"Ramo";"2016-01-31";"2016-02-29";"2016-03-31";"2016-04-30";"2016-05-31";"2016-06-30";"2016-07-31";"2016-08-31";"2016-09-30";"2016-10-31";"2016-11-30";"2016-12-31";"2017-01-31";"2017-02-28";"2017-03-31";"2017-04-30";"2017-05-31";"2017-06-30";"2017-07-31";"2017-08-31";"2017-09-30";"2017-10-31";"2017-11-30";"2017-12-31";"2018-01-31"
"29000101005";"PRIMAS EMITIDAS DIRECTAS";"TOTAL";24963372758;54239742758;84882898639;114905622454;150040100821;184274083800;214621118231;246322432061;281033753449;316280534720;351756722012;389552614427;28595306988;61173998120;96269133394;127050674111;167037120052;206565726592;237826796385;275834404679;316101576542;354546554135;393566375076;421038234881;30254619370
"29000101010";"PRIMAS ACEPTADAS EN COASEGURO";"TOTAL";581706269;1105465553;1429937058;1804684520;2296850050;3181576333;3923356133;5570044917;6185654701;6789340911;7275264869;8586447708;522990710;989793692;1566309071;2678154558;3522915591;3733542843;5561089748;6717762793;7645303012;8805019093;9588518253;11311916810;482307042
"29000101015";"CANC Y-O ANULAC PRIMAS EMIT DIR Y COA";"TOTAL";-128644053;-584773002;-850281466;-1376586143;-1587199969;-1988098765;-2259079228;-2434828466;-2696979773;-3036281141;-3449392506;-3870228621;-760201158;-1396854909;-1789230701;-1958563028;-2058278262;-2197596172;-2237875051;-2301347744;-2630203931;-2665526984;-2965577487;-3947875853;-192998979
"29000201005";"PRIMAS EMITIDAS DIRECTAS";"SUBTOTAL - RAMOS";24963372758;54239742758;84882898639;114905622454;150040100821;184274083800;214621118231;246322432061;281033753449;316280534720;351756722012;389552614427;28595306988;61173998120;96269133394;127050674111;167037120052;206565726592;237826796385;275834404679;316101576542;354546554135;393566375076;421038234881;30254619370
"29000201010";"PRIMAS ACEPTADAS EN COASEGURO";"SUBTOTAL - RAMOS";581706269;1105465553;1429937058;1804684520;2296850050;3181576333;3923356133;5570044917;6185654701;6789340911;7275264869;8586447708;522990710;989793692;1566309071;2678154558;3522915591;3733542843;5561089748;6717762793;7645303012;8805019093;9588518253;11311916810;482307042
"29000201015";"CANC Y-O ANULAC PRIMAS EMIT DIR Y COA";"SUBTOTAL - RAMOS";-128644053;-584773002;-850281466;-1376586143;-1587199969;-1988098765;-2259079228;-2434828466;-2696979773;-3036281141;-3449392506;-3870228621;-760201158;-1396854909;-1789230701;-1958563028;-2058278262;-2197596172;-2237875051;-2301347744;-2630203931;-2665526984;-2965577487;-3947875853;-192998979
"29000301005";"PRIMAS EMITIDAS DIRECTAS";"AUTOMOVILES";413761599;516199956;585799432;646866091;708953648;744829569;829048846;905958603;954203188;1167808479;1248441744;1299688226;58934771;372395073;742812035;770893412;820934616;859477204;888540449;975302776;1052966792;1120770696;1284935492;1330929021;41024188
"29000301010";"PRIMAS ACEPTADAS EN COASEGURO";"AUTOMOVILES";0;0;0;0;212866286;880379786;1385965043;2164683397;2164683397;2238938140;2238938140;2238938140;0;0;368439597;847739614;1093559309;1093559309;1981149353;2188165837;2359522293;2826100389;3114046192;3323519031;78356703
"29000301015";"CANC Y-O ANULAC PRIMAS EMIT DIR Y COA";"AUTOMOVILES";-1854886;-3956602;-6125145;-10048894;-11756739;-17537069;-19743836;-19743836;-22835556;-24699478;-28081592;-31425147;0;-6844181;-285156620;-285156620;-287357535;-287357535;-287357535;-287357535;-287357535;-287357535;-287357535;-290776011;-4410717
"29000401005";"PRIMAS EMITIDAS DIRECTAS";"SOAT";0;0;0;0;0;0;0;0;0;0;0;0;0;0;0;0;0;0;0;0;0;0;0;0;0
"29000401010";"PRIMAS ACEPTADAS EN COASEGURO";"SOAT";0;0;0;0;0;0;0;0;0;0;0;0;0;0;0;0;0;0;0;0;0;0;0;0;0
"29000401015";"CANC Y-O ANULAC PRIMAS EMIT DIR Y COA";"SOAT";0;0;0;0;0;0;0;0;0;0;0;0;0;0;0;0;0;0;0;0;0;0;0;0;0
"29000501005";"PRIMAS EMITIDAS DIRECTAS";"CUMPLIMIENTO";13199316;35420954;52454954;73951954;115869954;130721825;135646825;137502825;149570825;151323825;155125869;159155369;3530001;5510001;10875501;13456501;14456501;12556401;18010901;33595901;50985384;58125384;91363896;93423896;36046000
"29000501010";"PRIMAS ACEPTADAS EN COASEGURO";"CUMPLIMIENTO";0;0;0;0;0;0;0;0;0;0;0;0;0;0;0;0;0;0;0;0;0;0;0;0;0
"29000501015";"CANC Y-O ANULAC PRIMAS EMIT DIR Y COA";"CUMPLIMIENTO";0;0;0;0;0;0;0;0;0;0;0;0;0;0;0;0;0;0;0;0;0;0;0;0;0
"29000601005";"PRIMAS EMITIDAS DIRECTAS";"RESPONSABILIDAD CIVIL";147397041;329213093;541687419;726118613;1210164696;1069680573;1255029509;1442981293;1737606178;1933371510;2711048156;3337972732;138057650;378940667;607056718;883309631;1331849507;1571088988;1700643829;1892032662;2326126442;2599811607;3214180046;3437702211;241713780
"29000601010";"PRIMAS ACEPTADAS EN COASEGURO";"RESPONSABILIDAD CIVIL";3422312;6197223;6637777;9886342;13557454;20038522;21016541;22013901;27299249;33016428;33016428;39980109;2189407;6894003;11475066;15974507;17223226;19030073;20725793;21459856;24143919;33786121;39353766;46923651;6043443
"29000601015";"CANC Y-O ANULAC PRIMAS EMIT DIR Y COA";"RESPONSABILIDAD CIVIL";-24802546;-50704589;-59193122;-72066919;-77600748;-82732934;-88042920;-89714908;-91365585;-92464447;-99469328;-100322814;-574409757;-576201295;-577624719;-582484223;-590389687;-589479004;-590085113;-590056255;-604706983;-604088252;-606834481;-620759592;-6028414
"29000701005";"PRIMAS EMITIDAS DIRECTAS";"INCENDIO";2175150374;4840476128;7556040732;10142892115;12795771521;16510052518;19033132836;21668833501;24567306692;27252582059;30121996970;33547284812;2653830650;5536382344;8814883073;11514079863;14880552891;18021247096;20641599452;23269517384;26519326293;29377687651;32267790485;35657123007;2810098157
"29000701010";"PRIMAS ACEPTADAS EN COASEGURO";"INCENDIO";254735411;511931024;586117344;669438374;748435167;852823155;886243076;1165241884;1291400814;1437313758;1513938225;1972993018;149915513;311003399;377932706;437779783;697248256;755941712;833454584;1158064080;1324483003;1623770012;1772239119;2254431633;134483505
"29000701015";"CANC Y-O ANULAC PRIMAS EMIT DIR Y COA";"INCENDIO";0;-77711109;-109759066;-195294842;-227947233;-269575513;-279846832;-283448673;-288184319;-326876485;-383097779;-385270755;-7161574;-108409865;-113538857;-149989356;-179190584;-207700382;-218792384;-261086959;-343276210;-357690375;-463515394;-468241755;-15285287
"29000801005";"PRIMAS EMITIDAS DIRECTAS";"TERREMOTO";1594277317;3511162585;5425976509;7319700979;9213799498;11507250136;13338383985;15301338331;17401640675;19342442420;21467900012;23959058135;1917875686;4012472809;6272841317;8214287859;10450580433;12684001725;14545519560;16502796426;18769572324;20925531642;23094507632;25643342338;2149482353
"29000801010";"PRIMAS ACEPTADAS EN COASEGURO";"TERREMOTO";75376413;151049241;171877586;195129376;217285290;225680531;232237373;304052711;340867510;381533972;404190912;537600008;50784229;94031964;108185222;126795384;206127928;219404640;237079169;332269975;368541672;446156480;493406407;636774213;32199393
"29000801015";"CANC Y-O ANULAC PRIMAS EMIT DIR Y COA";"TERREMOTO";0;-29898345;-49832008;-83743262;-98075416;-130234393;-134237398;-136627913;-140452338;-154801611;-179051235;-180584347;-4583903;-77299033;-79598967;-91021055;-113940906;-130185912;-135914921;-148775265;-189132135;-197652921;-254999273;-259465182;-10710176
"29000901005";"PRIMAS EMITIDAS DIRECTAS";"SUSTRACCION";1817488041;4449055294;7423031830;10342922501;12921561534;15771136790;18242756521;20754345711;24186575258;29077129763;33744097646;37653252833;1866955186;4601766322;7467479631;10467938102;14208667575;18591538182;23685379460;29271052208;36077249804;41739826607;48118896996;49770667722;3032656775
"29000901010";"PRIMAS ACEPTADAS EN COASEGURO";"SUSTRACCION";32035657;107808340;135051266;160026300;203344940;250802374;276543624;413376619;467518059;540407655;559895553;738269368;91527648;157266019;185202166;211259370;240035882;257500953;307288920;422740379;497904162;579053153;641758758;868608492;79373032
"29000901015";"CANC Y-O ANULAC PRIMAS EMIT DIR Y COA";"SUSTRACCION";-24981821;-161196544;-233866579;-331828068;-405001562;-547276489;-625474885;-717764395;-802333617;-909645237;-1044555110;-1106948382;-107911511;-194670844;-252145806;-306937769;-318407249;-344157521;-349581849;-344737236;-403564718;-407005017;-444334117;-786172179;-44916283
"29001001005";"PRIMAS EMITIDAS DIRECTAS";"TRANSPORTE";217059229;384673686;588660419;718188080;873719262;1100796681;1229359148;1399690280;1599264966;1827386867;1973285750;2867110889;165800281;325672347;568799192;711386676;822798589;967078167;1100012818;1260781337;1432626206;1600450569;1855126515;2678180128;97679099
"29001001010";"PRIMAS ACEPTADAS EN COASEGURO";"TRANSPORTE";6812751;12791257;15490912;18733688;26443230;38625802;43124659;45011749;53722753;55083721;55167196;67939978;254036;11856813;17443550;22813213;23909823;32851550;56023640;61174158;67667575;72692331;88851992;89336081;303065
"29001001015";"CANC Y-O ANULAC PRIMAS EMIT DIR Y COA";"TRANSPORTE";-26741494;-40868055;-43197967;-57965147;-72918491;-80344571;-81163077;-81163077;-146999744;-147031477;-164215644;-166104702;-6903393;-7206899;-7206899;-10256899;-10280159;-31582886;-32422244;-32696068;-28618307;-33526313;-40998308;-48630706;-4401277
"29001101005";"PRIMAS EMITIDAS DIRECTAS";"CORRIENTE D텍IL";814332432;1689291379;2568067590;3449180222;4408393763;5524705665;6328499421;7275091917;8237878204;9163303362;9432441050;10926084008;146251520;353952465;1330118470;2093363618;2625314835;2946124383;3212433657;5113280841;6895415604;7979616794;8336078807;8368610949;182773516
"29001101010";"PRIMAS ACEPTADAS EN COASEGURO";"CORRIENTE D텍IL";8577875;39166814;41186871;45573344;72032379;78190828;80401057;91206883;95619754;98119356;102177746;133420838;19229860;26321920;34830285;49956957;56198356;68771755;78369124;101192309;103682386;123549170;134573484;157532222;67894358
"29001101015";"CANC Y-O ANULAC PRIMAS EMIT DIR Y COA";"CORRIENTE D텍IL";0;-9779176;-17294081;-27582890;-33987015;-40785972;-44151300;-49360873;-53228775;-59186518;-68043570;-71349690;-3895038;-8679984;-11984996;-16624177;-19045205;-20660949;-23338598;-25917488;-36448069;-37009398;-49110788;-79638458;-4401378
"29001201005";"PRIMAS EMITIDAS DIRECTAS";"TODO RIESGO CONTRATISTA";37942128;87355807;124830036;176075298;224502101;254969365;268634385;282288185;298505002;319871469;379680184;190700752;45943612;45570665;101513562;115100198;131733503;150261710;188622765;183946515;188288221;224408315;273585518;272681515;3460646
"29001201010";"PRIMAS ACEPTADAS EN COASEGURO";"TODO RIESGO CONTRATISTA";0;0;4897695;4897695;6652762;6809420;8727279;8727279;8727279;8727279;13529114;65704129;13125839;13125839;13125839;13125839;13125839;13125839;13125839;13125839;13125839;13125839;13125839;13125839;0
"29001201015";"CANC Y-O ANULAC PRIMAS EMIT DIR Y COA";"TODO RIESGO CONTRATISTA";0;0;0;0;0;0;0;0;0;0;0;-154345290;0;0;0;0;0;0;0;0;-19532614;0;0;0;-6148270
"29001301005";"PRIMAS EMITIDAS DIRECTAS";"MANEJO";72495572;142940946;223987302;265122032;4175997492;4282453148;4341519872;4391643569;4479275019;4543352653;4607926242;4678805687;36222504;140893151;228647940;243480146;3903127361;3974761193;4026017066;4070815864;4195739026;4285841553;4346776363;4417279628;78065315
"29001301010";"PRIMAS ACEPTADAS EN COASEGURO";"MANEJO";74143;4317835;4820157;5326182;5326182;13938007;14910481;16124864;22284207;24077664;24163473;26451066;6698375;11628647;12915287;14423528;17691253;24055302;25247051;31288123;38652138;39054187;40709246;45291478;4764773
"29001301015";"CANC Y-O ANULAC PRIMAS EMIT DIR Y COA";"MANEJO";-3210858;-17339820;-18825803;-23987023;-25013313;-29644961;-29694961;-29994961;-29994961;-31808505;-40238585;-40238585;-110993;-2831238;-3582738;-10468220;-14984052;-19577555;-19577555;-19782944;-28122022;-29366868;-28108626;-30937495;-13110096
"29001401005";"PRIMAS EMITIDAS DIRECTAS";"LUCRO CESANTE";48664569;163177342;198025679;221423157;254644832;402711727;439725248;465939904;518470946;585895187;639684186;704234573;147071087;357721329;409490908;424596620;444794292;521630757;400538623;498790633;617952475;660694676;730714542;780542529;121654466
"29001401010";"PRIMAS ACEPTADAS EN COASEGURO";"LUCRO CESANTE";99880522;110749631;157365907;183923998;205650525;206597529;222041410;315208702;355266596;380673270;420872023;507863521;68820994;88869965;96287767;137487969;144296183;156661608;469434521;598015580;654654055;691396987;759782469;938724510;27130971
"29001401015";"CANC Y-O ANULAC PRIMAS EMIT DIR Y COA";"LUCRO CESANTE";-729820;-6770585;-8204598;-31912345;-36329808;-40069799;-46667464;-46667464;-46667464;-59641772;-75920953;-75920953;-244538;-117680706;-117680706;-123023106;-127937033;-148312624;-153501133;-156949669;-198643554;-198727094;-255338232;-258502594;-3473246
"29001501005";"PRIMAS EMITIDAS DIRECTAS";"MONTAJE Y ROTURA DE MAQUINARIA";635833108;1599139533;2358286288;3023442801;4194156778;5227268554;6345386230;7234555447;8481189261;9679905429;11207771159;12618812944;638963597;1782537323;2837554116;2896481573;4024070313;4794103947;5484949955;6246465712;7251547191;8644624990;9850889895;10834798051;1140405768
"29001501010";"PRIMAS ACEPTADAS EN COASEGURO";"MONTAJE Y ROTURA DE MAQUINARIA";71454995;101905419;216159987;389927225;431203602;420614250;531247051;769002710;1067587670;1264722852;1545779182;1856055726;82127149;191068647;223091634;642680260;855381402;907189805;1325955707;1577030610;1923362007;2086770461;2163786088;2581579930;51757799
"29001501015";"CANC Y-O ANULAC PRIMAS EMIT DIR Y COA";"MONTAJE Y ROTURA DE MAQUINARIA";0;-90555507;-135213353;-295113337;-311908762;-349967024;-425145733;-425310835;-425310835;-458504410;-499462641;-640534631;-1919946;-100910595;-101452395;-117110708;-128379969;-148801369;-157523284;-163393925;-220208404;-239909960;-258188085;-271289423;-9443895
"29001601005";"PRIMAS EMITIDAS DIRECTAS";"AVIACI흁";0;0;0;0;0;0;0;0;0;0;0;0;0;0;0;0;0;0;0;0;0;0;0;0;0
"29001601010";"PRIMAS ACEPTADAS EN COASEGURO";"AVIACI흁";0;0;0;0;0;0;0;0;0;0;0;0;0;0;0;0;0;0;0;0;0;0;0;0;0
"29001601015";"CANC Y-O ANULAC PRIMAS EMIT DIR Y COA";"AVIACI흁";0;0;0;0;0;0;0;0;0;0;0;0;0;0;0;0;0;0;0;0;0;0;0;0;0
"29001701005";"PRIMAS EMITIDAS DIRECTAS";"NAVEGACI흁 Y CASCO";0;0;0;0;0;0;0;0;0;0;0;0;0;0;0;0;0;0;0;0;0;0;0;0;0
"29001701010";"PRIMAS ACEPTADAS EN COASEGURO";"NAVEGACI흁 Y CASCO";0;0;0;0;0;0;0;0;0;0;0;0;0;0;0;0;0;0;0;0;0;0;0;0;0
"29001701015";"CANC Y-O ANULAC PRIMAS EMIT DIR Y COA";"NAVEGACI흁 Y CASCO";0;0;0;0;0;0;0;0;0;0;0;0;0;0;0;0;0;0;0;0;0;0;0;0;0
"29001801005";"PRIMAS EMITIDAS DIRECTAS";"MINAS Y PETR휿EOS";0;0;0;0;0;0;0;0;0;0;0;0;0;0;0;0;0;0;0;0;0;0;0;0;0
"29001801010";"PRIMAS ACEPTADAS EN COASEGURO";"MINAS Y PETR휿EOS";0;0;0;0;0;0;0;0;0;0;0;0;0;0;0;0;0;0;0;0;0;0;0;0;0
"29001801015";"CANC Y-O ANULAC PRIMAS EMIT DIR Y COA";"MINAS Y PETR휿EOS";0;0;0;0;0;0;0;0;0;0;0;0;0;0;0;0;0;0;0;0;0;0;0;0;0
"29001901005";"PRIMAS EMITIDAS DIRECTAS";"VIDRIOS";0;0;0;0;0;0;0;0;0;0;0;0;0;0;0;0;0;0;0;0;0;0;0;0;0
"29001901010";"PRIMAS ACEPTADAS EN COASEGURO";"VIDRIOS";0;0;0;0;0;0;0;0;0;0;0;0;0;0;0;0;0;0;0;0;0;0;0;0;0
"29001901015";"CANC Y-O ANULAC PRIMAS EMIT DIR Y COA";"VIDRIOS";0;0;0;0;0;0;0;0;0;0;0;0;0;0;0;0;0;0;0;0;0;0;0;0;0
"29002001005";"PRIMAS EMITIDAS DIRECTAS";"CR텏ITO COMERCIAL";0;0;0;0;0;0;0;0;0;0;0;0;0;0;0;0;0;0;0;0;0;0;0;0;0
"29002001010";"PRIMAS ACEPTADAS EN COASEGURO";"CR텏ITO COMERCIAL";0;0;0;0;0;0;0;0;0;0;0;0;0;0;0;0;0;0;0;0;0;0;0;0;0
"29002001015";"CANC Y-O ANULAC PRIMAS EMIT DIR Y COA";"CR텏ITO COMERCIAL";0;0;0;0;0;0;0;0;0;0;0;0;0;0;0;0;0;0;0;0;0;0;0;0;0
"29002101005";"PRIMAS EMITIDAS DIRECTAS";"CR텏ITO A LA EXPORTACI흁";0;0;0;0;0;0;0;0;0;0;0;0;0;0;0;0;0;0;0;0;0;0;0;0;0
"29002101010";"PRIMAS ACEPTADAS EN COASEGURO";"CR텏ITO A LA EXPORTACI흁";0;0;0;0;0;0;0;0;0;0;0;0;0;0;0;0;0;0;0;0;0;0;0;0;0
"29002101015";"CANC Y-O ANULAC PRIMAS EMIT DIR Y COA";"CR텏ITO A LA EXPORTACI흁";0;0;0;0;0;0;0;0;0;0;0;0;0;0;0;0;0;0;0;0;0;0;0;0;0
"29002201005";"PRIMAS EMITIDAS DIRECTAS";"ELIMINADA";0;0;0;0;0;0;0;0;0;0;0;0;0;0;0;0;0;0;0;0;0;0;0;0;0
"29002201010";"PRIMAS ACEPTADAS EN COASEGURO";"ELIMINADA";0;0;0;0;0;0;0;0;0;0;0;0;0;0;0;0;0;0;0;0;0;0;0;0;0
"29002201015";"CANC Y-O ANULAC PRIMAS EMIT DIR Y COA";"ELIMINADA";0;0;0;0;0;0;0;0;0;0;0;0;0;0;0;0;0;0;0;0;0;0;0;0;0
"29002301005";"PRIMAS EMITIDAS DIRECTAS";"ELIMINADA";0;0;0;0;0;0;0;0;0;0;0;0;0;0;0;0;0;0;0;0;0;0;0;0;0
"29002301010";"PRIMAS ACEPTADAS EN COASEGURO";"ELIMINADA";0;0;0;0;0;0;0;0;0;0;0;0;0;0;0;0;0;0;0;0;0;0;0;0;0
"29002301015";"CANC Y-O ANULAC PRIMAS EMIT DIR Y COA";"ELIMINADA";0;0;0;0;0;0;0;0;0;0;0;0;0;0;0;0;0;0;0;0;0;0;0;0;0
"29002401005";"PRIMAS EMITIDAS DIRECTAS";"DESEMPLEO";0;0;0;0;0;0;0;0;0;0;0;0;0;0;0;0;0;0;0;0;0;0;0;0;0
"29002401010";"PRIMAS ACEPTADAS EN COASEGURO";"DESEMPLEO";0;0;0;0;0;0;0;0;0;0;0;0;0;0;0;0;0;0;0;0;0;0;0;0;0
"29002401015";"CANC Y-O ANULAC PRIMAS EMIT DIR Y COA";"DESEMPLEO";0;0;0;0;0;0;0;0;0;0;0;0;0;0;0;0;0;0;0;0;0;0;0;0;0
"29002501005";"PRIMAS EMITIDAS DIRECTAS";"HOGAR";0;0;0;0;0;0;0;0;0;0;0;0;0;0;0;0;0;0;0;0;0;0;0;0;0
"29002501010";"PRIMAS ACEPTADAS EN COASEGURO";"HOGAR";0;0;0;0;0;0;0;0;0;0;0;0;0;0;0;0;0;0;0;0;0;0;0;0;0
"29002501015";"CANC Y-O ANULAC PRIMAS EMIT DIR Y COA";"HOGAR";0;0;0;0;0;0;0;0;0;0;0;0;0;0;0;0;0;0;0;0;0;0;0;0;0
"29002601005";"PRIMAS EMITIDAS DIRECTAS";"EXEQUIAS";27533887;44737269;49483124;54981616;59418502;65679698;83652637;105092349;124183968;146034748;151529554;156228488;6567224;7151195;14055463;16430385;16071839;17916905;21692173;104627282;131476318;149907123;171460048;188021626;15059766
"29002601010";"PRIMAS ACEPTADAS EN COASEGURO";"EXEQUIAS";0;0;0;0;0;0;0;0;0;0;0;0;0;0;0;0;0;0;0;0;0;0;0;0;0
"29002601015";"CANC Y-O ANULAC PRIMAS EMIT DIR Y COA";"EXEQUIAS";0;0;0;0;0;0;0;0;0;0;0;0;0;0;0;0;0;0;0;0;0;0;0;0;0
"29002701005";"PRIMAS EMITIDAS DIRECTAS";"ACCIDENTES PERSONALES";982030318;2405722320;4051251491;5526709972;7246298109;8867974043;10470917728;12479781150;14237787001;16179436831;18216871649;20153017630;1607546467;3816923538;5390369158;6687875454;8676856506;10966350918;12734867147;14620230632;15970667638;18011646902;20134058288;19646601154;1187251568
"29002701010";"PRIMAS ACEPTADAS EN COASEGURO";"ACCIDENTES PERSONALES";0;0;0;0;0;0;0;0;0;0;0;0;0;0;0;0;0;0;0;0;0;0;0;0;0
"29002701015";"CANC Y-O ANULAC PRIMAS EMIT DIR Y COA";"ACCIDENTES PERSONALES";-8499870;-25076781;-46990922;-70049977;-92188730;-124641767;-135496969;-152919632;-178961232;-199559916;-223301795;-230030476;-5493105;-12282478;-17528562;-21807924;-24047394;-24379204;-24379204;-24412886;-24412886;-25156811;-25331665;-79644036;-3003533
"29002801005";"PRIMAS EMITIDAS DIRECTAS";"COLECTIVO VIDA";0;0;0;0;0;0;0;0;0;0;0;0;0;0;0;0;0;0;0;0;0;0;0;0;0
"29002801010";"PRIMAS ACEPTADAS EN COASEGURO";"COLECTIVO VIDA";0;0;0;0;0;0;0;0;0;0;0;0;0;0;0;0;0;0;0;0;0;0;0;0;0
"29002801015";"CANC Y-O ANULAC PRIMAS EMIT DIR Y COA";"COLECTIVO VIDA";0;0;0;0;0;0;0;0;0;0;0;0;0;0;0;0;0;0;0;0;0;0;0;0;0
"29002901005";"PRIMAS EMITIDAS DIRECTAS";"EDUCATIVO";0;0;0;0;0;0;0;0;0;0;0;0;0;0;0;0;0;0;0;0;0;0;0;0;0
"29002901010";"PRIMAS ACEPTADAS EN COASEGURO";"EDUCATIVO";0;0;0;0;0;0;0;0;0;0;0;0;0;0;0;0;0;0;0;0;0;0;0;0;0
"29002901015";"CANC Y-O ANULAC PRIMAS EMIT DIR Y COA";"EDUCATIVO";0;0;0;0;0;0;0;0;0;0;0;0;0;0;0;0;0;0;0;0;0;0;0;0;0
"29003001005";"PRIMAS EMITIDAS DIRECTAS";"VIDA GRUPO";13164555082;28208692640;43962511587;59985104392;76329075814;94329317319;110618765440;127715790346;146165880467;164306864174;182119054819;200406169159;16238984839;33565437835;52680987089;70605012232;90295481236;113113685130;129402049823;148780763601;167473101563;184315518085;201160763354;214794015888;14980169348
"29003001010";"PRIMAS ACEPTADAS EN COASEGURO";"VIDA GRUPO";29336190;59548769;90331556;121821996;154052233;187076129;220898539;255394218;290677413;326726816;363596877;401231807;38317660;77726476;117379952;158118134;158118134;185450297;213236047;213236047;269563963;269563963;326884893;356069730;0
"29003001015";"CANC Y-O ANULAC PRIMAS EMIT DIR Y COA";"VIDA GRUPO";-36701873;-69795004;-120657937;-175872554;-193018154;-272831884;-346784364;-399482410;-468015858;-569431796;-639587515;-678187611;-47567400;-183468499;-221360144;-243313679;-243949197;-245031939;-245031939;-245812222;-245811202;-246460236;-246930852;-749939381;-67666407
"29003101005";"PRIMAS EMITIDAS DIRECTAS";"SALUD";0;0;0;0;0;0;0;0;0;0;0;0;0;0;0;0;0;0;0;0;0;0;0;0;0
"29003101010";"PRIMAS ACEPTADAS EN COASEGURO";"SALUD";0;0;0;0;0;0;0;0;0;0;0;0;0;0;0;0;0;0;0;0;0;0;0;0;0
"29003101015";"CANC Y-O ANULAC PRIMAS EMIT DIR Y COA";"SALUD";0;0;0;0;0;0;0;0;0;0;0;0;0;0;0;0;0;0;0;0;0;0;0;0;0
"29003201005";"PRIMAS EMITIDAS DIRECTAS";"ENFERMEDADES DE ALTO COSTO";0;0;0;0;0;0;0;0;0;0;0;0;0;0;0;0;0;0;0;0;0;0;0;0;0
"29003201010";"PRIMAS ACEPTADAS EN COASEGURO";"ENFERMEDADES DE ALTO COSTO";0;0;0;0;0;0;0;0;0;0;0;0;0;0;0;0;0;0;0;0;0;0;0;0;0
"29003201015";"CANC Y-O ANULAC PRIMAS EMIT DIR Y COA";"ENFERMEDADES DE ALTO COSTO";0;0;0;0;0;0;0;0;0;0;0;0;0;0;0;0;0;0;0;0;0;0;0;0;0
"29003301005";"PRIMAS EMITIDAS DIRECTAS";"VIDA INDIVIDUAL";2801652745;5832483826;9015644981;12075783365;15150614051;18327376923;21503500334;24604439384;27737256533;30446666678;33422707756;36636097377;2922771913;5870671056;8791649221;11392981841;14389830055;17373903886;19775918707;23010404905;27148535261;32852091541;38635247199;43124315218;4137078625
"29003301010";"PRIMAS ACEPTADAS EN COASEGURO";"VIDA INDIVIDUAL";0;0;0;0;0;0;0;0;0;0;0;0;0;0;0;0;0;0;0;0;0;0;0;0;0
"29003301015";"CANC Y-O ANULAC PRIMAS EMIT DIR Y COA";"VIDA INDIVIDUAL";-1120885;-1120885;-1120885;-1120885;-1453998;-2456389;-2629489;-2629489;-2629489;-2629489;-4366759;-8965238;0;-369292;-369292;-369292;-369292;-369292;-369292;-369292;-369292;-1576204;-4530131;-3879041;0
"29003401005";"PRIMAS EMITIDAS DIRECTAS";"PREVISIONAL";0;0;157159266;157159266;157159266;157159266;157159266;157159266;157159266;157159266;157159266;157159266;0;0;0;0;0;0;0;0;0;0;0;0;0
"29003401010";"PRIMAS ACEPTADAS EN COASEGURO";"PREVISIONAL";0;0;0;0;0;0;0;0;0;0;0;0;0;0;0;0;0;0;0;0;0;0;0;0;0
"29003401015";"CANC Y-O ANULAC PRIMAS EMIT DIR Y COA";"PREVISIONAL";0;0;0;0;0;0;0;0;0;0;0;0;0;0;0;0;0;0;0;0;0;0;0;0;0
"29003501005";"PRIMAS EMITIDAS DIRECTAS";"RIESGOS LABORALES";0;0;0;0;0;0;0;0;0;0;0;0;0;0;0;0;0;0;0;0;0;0;0;0;0
"29003501010";"PRIMAS ACEPTADAS EN COASEGURO";"RIESGOS LABORALES";0;0;0;0;0;0;0;0;0;0;0;0;0;0;0;0;0;0;0;0;0;0;0;0;0
"29003501015";"CANC Y-O ANULAC PRIMAS EMIT DIR Y COA";"RIESGOS LABORALES";0;0;0;0;0;0;0;0;0;0;0;0;0;0;0;0;0;0;0;0;0;0;0;0;0
"29003601005";"PRIMAS EMITIDAS DIRECTAS";"PENSIONES LEY 100";0;0;0;0;0;0;0;0;0;0;0;101781547;0;0;0;0;0;0;0;0;0;0;0;0;0
"29003601010";"PRIMAS ACEPTADAS EN COASEGURO";"PENSIONES LEY 100";0;0;0;0;0;0;0;0;0;0;0;0;0;0;0;0;0;0;0;0;0;0;0;0;0
"29003601015";"CANC Y-O ANULAC PRIMAS EMIT DIR Y COA";"PENSIONES LEY 100";0;0;0;0;0;0;0;0;0;0;0;0;0;0;0;0;0;0;0;0;0;0;0;0;0
"29003701005";"PRIMAS EMITIDAS DIRECTAS";"PENSIONES VOLUNTARIAS";0;0;0;0;0;0;0;0;0;0;0;0;0;0;0;0;0;0;0;0;0;0;0;0;0
"29003701010";"PRIMAS ACEPTADAS EN COASEGURO";"PENSIONES VOLUNTARIAS";0;0;0;0;0;0;0;0;0;0;0;0;0;0;0;0;0;0;0;0;0;0;0;0;0
"29003701015";"CANC Y-O ANULAC PRIMAS EMIT DIR Y COA";"PENSIONES VOLUNTARIAS";0;0;0;0;0;0;0;0;0;0;0;0;0;0;0;0;0;0;0;0;0;0;0;0;0
"29003801005";"PRIMAS EMITIDAS DIRECTAS";"PENSIONES CON CONMUTACI흁 PENSIONAL";0;0;0;0;0;0;0;0;0;0;0;0;0;0;0;0;0;0;0;0;0;0;0;0;0
"29003801010";"PRIMAS ACEPTADAS EN COASEGURO";"PENSIONES CON CONMUTACI흁 PENSIONAL";0;0;0;0;0;0;0;0;0;0;0;0;0;0;0;0;0;0;0;0;0;0;0;0;0
"29003801015";"CANC Y-O ANULAC PRIMAS EMIT DIR Y COA";"PENSIONES CON CONMUTACI흁 PENSIONAL";0;0;0;0;0;0;0;0;0;0;0;0;0;0;0;0;0;0;0;0;0;0;0;0;0
"29003901005";"PRIMAS EMITIDAS DIRECTAS";"PATRIM. AUT흁OMO - FDO. PENS. VOLUNTARIAS";0;0;0;0;0;0;0;0;0;0;0;0;0;0;0;0;0;0;0;0;0;0;0;0;0
"29003901010";"PRIMAS ACEPTADAS EN COASEGURO";"PATRIM. AUT흁OMO - FDO. PENS. VOLUNTARIAS";0;0;0;0;0;0;0;0;0;0;0;0;0;0;0;0;0;0;0;0;0;0;0;0;0
"29003901015";"CANC Y-O ANULAC PRIMAS EMIT DIR Y COA";"PATRIM. AUT흁OMO - FDO. PENS. VOLUNTARIAS";0;0;0;0;0;0;0;0;0;0;0;0;0;0;0;0;0;0;0;0;0;0;0;0;0
"29004001005";"PRIMAS EMITIDAS DIRECTAS";"RENTAS VOLUNTARIAS";0;0;0;0;0;0;0;0;0;0;0;0;0;0;0;0;0;0;0;0;0;0;0;0;0
"29004001010";"PRIMAS ACEPTADAS EN COASEGURO";"RENTAS VOLUNTARIAS";0;0;0;0;0;0;0;0;0;0;0;0;0;0;0;0;0;0;0;0;0;0;0;0;0
"29004001015";"CANC Y-O ANULAC PRIMAS EMIT DIR Y COA";"RENTAS VOLUNTARIAS";0;0;0;0;0;0;0;0;0;0;0;0;0;0;0;0;0;0;0;0;0;0;0;0;0
"29004101005";"PRIMAS EMITIDAS DIRECTAS";"BEPS";0;0;0;0;0;0;0;0;0;0;0;0;0;0;0;0;0;0;0;0;0;0;0;0;0
"29004101010";"PRIMAS ACEPTADAS EN COASEGURO";"BEPS";0;0;0;0;0;0;0;0;0;0;0;0;0;0;0;0;0;0;0;0;0;0;0;0;0
"29004101015";"CANC Y-O ANULAC PRIMAS EMIT DIR Y COA";"BEPS";0;0;0;0;0;0;0;0;0;0;0;0;0;0;0;0;0;0;0;0;0;0;0;0;0
"29004201005";"PRIMAS EMITIDAS DIRECTAS";"AGROPECUARIO";0;0;0;0;0;0;0;0;0;0;0;0;0;0;0;0;0;0;0;0;0;0;0;0;0
"29004201010";"PRIMAS ACEPTADAS EN COASEGURO";"AGROPECUARIO";0;0;0;0;0;0;0;0;0;0;0;0;0;0;0;0;0;0;0;0;0;0;0;0;0
"29004201015";"CANC Y-O ANULAC PRIMAS EMIT DIR Y COA";"AGROPECUARIO";0;0;0;0;0;0;0;0;0;0;0;0;0;0;0;0;0;0;0;0;0;0;0;0;0
"29004301005";"PRIMAS EMITIDAS DIRECTAS";"OPERACIONES NO ASIGNABLES A RAMOS";0;0;0;0;0;0;0;0;0;0;0;0;0;0;0;0;0;0;0;0;0;0;0;0;0
"29004301010";"PRIMAS ACEPTADAS EN COASEGURO";"OPERACIONES NO ASIGNABLES A RAMOS";0;0;0;0;0;0;0;0;0;0;0;0;0;0;0;0;0;0;0;0;0;0;0;0;0
"29004301015";"CANC Y-O ANULAC PRIMAS EMIT DIR Y COA";"OPERACIONES NO ASIGNABLES A RAMOS";0;0;0;0;0;0;0;0;0;0;0;0;0;0;0;0;0;0;0;0;0;0;0;0;0
"29019101005";"PRIMAS EMITIDAS DIRECTAS";"Ramos_Total";24963372758;54239742758;84882898639;114905622454;150040100821;184274083800;214621118231;246322432061;281033753449;316280534720;351756722012;389552614427;28595306988;61173998120;96269133394;127050674111;167037120052;206565726592;237826796385;275834404679;316101576542;354546554135;393566375076;421038234881;30254619370
"29019101010";"PRIMAS ACEPTADAS EN COASEGURO";"Ramos_Total";581706269;1105465553;1429937058;1804684520;2296850050;3181576333;3923356133;5570044917;6185654701;6789340911;7275264869;8586447708;522990710;989793692;1566309071;2678154558;3522915591;3733542843;5561089748;6717762793;7645303012;8805019093;9588518253;11311916810;482307042
"29019101015";"CANC Y-O ANULAC PRIMAS EMIT DIR Y COA";"Ramos_Total";-128644053;-584773002;-850281466;-1376586143;-1587199969;-1988098765;-2259079228;-2434828466;-2696979773;-3036281141;-3449392506;-3870228621;-760201158;-1396854909;-1789230701;-1958563028;-2058278262;-2197596172;-2237875051;-2301347744;-2630203931;-2665526984;-2965577487;-3947875853;-192998979
"29019201005";"PRIMAS EMITIDAS DIRECTAS";"Ramos_Vida";16975772032;36491636055;57236050449;77799738611;98942565742;121747507249;142833995405;165062262495;188422267235;211236161697;234067323044;257610453467;20775870443;43260183624;66877060931;88702299912;113378239636;141471856839;161934527850;186516026420;210723780780;235329163651;260101528889;277752953886;20319559307
"29019201010";"PRIMAS ACEPTADAS EN COASEGURO";"Ramos_Vida";29336190;59548769;90331556;121821996;154052233;187076129;220898539;255394218;290677413;326726816;363596877;401231807;38317660;77726476;117379952;158118134;158118134;185450297;213236047;213236047;269563963;269563963;326884893;356069730;0
"29019201015";"CANC Y-O ANULAC PRIMAS EMIT DIR Y COA";"Ramos_Vida";-46322628;-95992670;-168769744;-247043416;-286660882;-399930040;-484910822;-555031531;-649606579;-771621201;-867256069;-917183325;-53060505;-196120269;-239257998;-265490895;-268365883;-269780435;-269780435;-270594400;-270593380;-273193251;-276792648;-833462458;-70669940
"29019301005";"PRIMAS EMITIDAS DIRECTAS";"Ramos_Generales";7987600726;17748106703;27646848190;37105883843;51097535079;62526576551;71787122826;81260169566;92611486214;105044373023;117689398968;131942160960;7819436545;17913814496;29392072463;38348374199;53658880416;65093869753;75892268535;89318378259;105377795762;119217390484;133464846187;143285280995;9935060063
"29019301010";"PRIMAS ACEPTADAS EN COASEGURO";"Ramos_Generales";552370079;1045916784;1339605502;1682862524;2142797817;2994500204;3702457594;5314650699;5894977288;6462614095;6911667992;8185215901;484673050;912067216;1448929119;2520036424;3364797457;3548092546;5347853701;6504526746;7375739049;8535455130;9261633360;10955847080;482307042
"29019301015";"CANC Y-O ANULAC PRIMAS EMIT DIR Y COA";"Ramos_Generales";-82321425;-488780332;-681511722;-1129542727;-1300539087;-1588168725;-1774168406;-1879796935;-2047373194;-2264659940;-2582136437;-2953045296;-707140653;-1200734640;-1549972703;-1693072133;-1789912379;-1927815737;-1968094616;-2030753344;-2359610551;-2392333733;-2688784839;-3114413395;-122329039
"29019401005";"PRIMAS EMITIDAS DIRECTAS";"Ramos_Objetivo";24498469715;53600766041;83962654951;113851569845;148833615852;182986403775;213230628909;244839523182;279474315168;314484371681;349816314949;387644129267;28486898604;60750522381;95413932296;126151224000;166069995432;205543431277;236731622270;274641559487;314809336145;353143249740;391916490170;419341200449;30174088536
"29019401010";"PRIMAS ACEPTADAS EN COASEGURO";"Ramos_Objetivo";581706269;1105465553;1425039363;1799786825;2077331002;2294387127;2528663811;3396634241;4012244025;4541675492;5022797615;6281805439;509864871;976667853;1184743635;1817289105;2416230443;2626857695;3566814556;4516471117;5272654880;5965792865;6461346222;7975271940;403950339
"29019401015";"CANC Y-O ANULAC PRIMAS EMIT DIR Y COA";"Ramos_Objetivo";-126789167;-580816400;-844156321;-1366537249;-1575443230;-1970561696;-2239335392;-2415084630;-2674144217;-3011581663;-3421310914;-3684458184;-760201158;-1390010728;-1504074081;-1673406408;-1770920727;-1910238637;-1950517516;-2013990209;-2323313782;-2378169449;-2678219952;-3657099842;-182439992
"29019501005";"PRIMAS EMITIDAS DIRECTAS";"Ramos_Objetivo_Grales";7522697683;17109129986;26883763768;36208990500;50048209376;61396055792;70553792770;79934419953;91209207199;103405369250;115906151171;130292616613;7711028161;17490338757;28536871365;37448924088;52691755796;64071574438;74797094420;88125533067;104085555365;117814086089;131814961281;141588246563;9854529229
"29019501010";"PRIMAS ACEPTADAS EN COASEGURO";"Ramos_Objetivo_Grales";552370079;1045916784;1334707807;1677964829;1923278769;2107310998;2307765272;3141240023;3721566612;4214948676;4659200738;5880573632;471547211;898941377;1067363683;1659170971;2258112309;2441407398;3353578509;4303235070;5003090917;5696228902;6134461329;7619202210;403950339
"29019501015";"CANC Y-O ANULAC PRIMAS EMIT DIR Y COA";"Ramos_Objetivo_Grales";-80466539;-484823730;-675386577;-1119493833;-1288782348;-1570631656;-1754424570;-1860053099;-2024537638;-2239960462;-2554054845;-2767274859;-707140653;-1193890459;-1264816083;-1407915513;-1502554844;-1640458202;-1680737081;-1743395809;-2052720402;-2104976198;-2401427304;-2823637384;-111770052
"29019601005";"PRIMAS EMITIDAS DIRECTAS";"Ramos_Objetivo_Vida";16975772032;36491636055;57078891183;77642579345;98785406476;121590347983;142676836139;164905103229;188265107969;211079002431;233910163778;257351512654;20775870443;43260183624;66877060931;88702299912;113378239636;141471856839;161934527850;186516026420;210723780780;235329163651;260101528889;277752953886;20319559307
"29019601010";"PRIMAS ACEPTADAS EN COASEGURO";"Ramos_Objetivo_Vida";29336190;59548769;90331556;121821996;154052233;187076129;220898539;255394218;290677413;326726816;363596877;401231807;38317660;77726476;117379952;158118134;158118134;185450297;213236047;213236047;269563963;269563963;326884893;356069730;0
"29019601015";"CANC Y-O ANULAC PRIMAS EMIT DIR Y COA";"Ramos_Objetivo_Vida";-46322628;-95992670;-168769744;-247043416;-286660882;-399930040;-484910822;-555031531;-649606579;-771621201;-867256069;-917183325;-53060505;-196120269;-239257998;-265490895;-268365883;-269780435;-269780435;-270594400;-270593380;-273193251;-276792648;-833462458;-70669940
"29019701005";"PRIMAS EMITIDAS DIRECTAS";"Ramos_SS";0;0;157159266;157159266;157159266;157159266;157159266;157159266;157159266;157159266;157159266;258940813;0;0;0;0;0;0;0;0;0;0;0;0;0
"29019701010";"PRIMAS ACEPTADAS EN COASEGURO";"Ramos_SS";0;0;0;0;0;0;0;0;0;0;0;0;0;0;0;0;0;0;0;0;0;0;0;0;0
"29019701015";"CANC Y-O ANULAC PRIMAS EMIT DIR Y COA";"Ramos_SS";0;0;0;0;0;0;0;0;0;0;0;0;0;0;0;0;0;0;0;0;0;0;0;0;0
"29019801005";"PRIMAS EMITIDAS DIRECTAS";"Ramos_Vida_sinSS";16975772032;36491636055;57078891183;77642579345;98785406476;121590347983;142676836139;164905103229;188265107969;211079002431;233910163778;257351512654;20775870443;43260183624;66877060931;88702299912;113378239636;141471856839;161934527850;186516026420;210723780780;235329163651;260101528889;277752953886;20319559307
"29019801010";"PRIMAS ACEPTADAS EN COASEGURO";"Ramos_Vida_sinSS";29336190;59548769;90331556;121821996;154052233;187076129;220898539;255394218;290677413;326726816;363596877;401231807;38317660;77726476;117379952;158118134;158118134;185450297;213236047;213236047;269563963;269563963;326884893;356069730;0
"29019801015";"CANC Y-O ANULAC PRIMAS EMIT DIR Y COA";"Ramos_Vida_sinSS";-46322628;-95992670;-168769744;-247043416;-286660882;-399930040;-484910822;-555031531;-649606579;-771621201;-867256069;-917183325;-53060505;-196120269;-239257998;-265490895;-268365883;-269780435;-269780435;-270594400;-270593380;-273193251;-276792648;-833462458;-70669940
"29099903030";"Prima Emitida Directa";"TOTAL";25416434974;54760435309;85462554231;115333720831;150749750902;185467561368;216285395136;249457648512;284522428377;320033594490;355582594375;394268833514;28358096540;60766936903;96046211764;127770265641;168501757381;208101673263;241150011082;280250819728;321116675623;360686046244;400189315842;428402275838;30543927433
"29099903030";"Prima Emitida Directa";"SUBTOTAL - RAMOS";25416434974;54760435309;85462554231;115333720831;150749750902;185467561368;216285395136;249457648512;284522428377;320033594490;355582594375;394268833514;28358096540;60766936903;96046211764;127770265641;168501757381;208101673263;241150011082;280250819728;321116675623;360686046244;400189315842;428402275838;30543927433
"29099903030";"Prima Emitida Directa";"AUTOMOVILES";411906713;512243354;579674287;636817197;910063195;1607672286;2195270053;3050898164;3096051029;3382047141;3459298292;3507201219;58934771;365550892;826095012;1333476406;1627136390;1665678978;2582332267;2876111078;3125131550;3659513550;4111624149;4363672041;114970174
"29099903030";"Prima Emitida Directa";"SOAT";0;0;0;0;0;0;0;0;0;0;0;0;0;0;0;0;0;0;0;0;0;0;0;0;0
"29099903030";"Prima Emitida Directa";"CUMPLIMIENTO";13199316;35420954;52454954;73951954;115869954;130721825;135646825;137502825;149570825;151323825;155125869;159155369;3530001;5510001;10875501;13456501;14456501;12556401;18010901;33595901;50985384;58125384;91363896;93423896;36046000
"29099903030";"Prima Emitida Directa";"RESPONSABILIDAD CIVIL";126016807;284705727;489132074;663938036;1146121402;1006986161;1188003130;1375280286;1673539842;1873923491;2644595256;3277630027;-434162700;-190366625;40907065;316799915;758683046;1000640057;1131284509;1323436263;1745563378;2029509476;2646699331;2863866270;241728809
"29099903030";"Prima Emitida Directa";"INCENDIO";2429885785;5274696043;8032399010;10617035647;13316259455;17093300160;19639529080;22550626712;25570523187;28363019332;31252837416;35135007075;2796584589;5738975878;9079276922;11801870290;15398610563;18569488426;21256261652;24166494505;27500533086;30643767288;33576514210;37443312885;2929296375
"29099903030";"Prima Emitida Directa";"TERREMOTO";1669653730;3632313481;5548022087;7431087093;9333009372;11602696274;13436383960;15468763129;17602055847;19569174781;21693039689;24316073796;1964076012;4029205740;6301427572;8250062188;10542767455;12773220453;14646683808;16686291136;18948981861;21174035201;23332914766;26020651369;2170971570
"29099903030";"Prima Emitida Directa";"SUSTRACCION";1824541877;4395667090;7324216517;10171120733;12719904912;15474662675;17893825260;20449957935;23851759700;28707892181;33259438089;37284573819;1850571323;4564361497;7400535991;10372259703;14130296208;18504881614;23643086531;29349055351;36171589248;41911874743;48316321637;49853104035;3067113524
"29099903030";"Prima Emitida Directa";"TRANSPORTE";197130486;356596888;560953364;678956621;827244001;1059077912;1191320730;1363538952;1505987975;1735439111;1864237302;2768946165;159150924;330322261;579035843;723942990;836428253;968346831;1123614214;1289259427;1471675474;1639616587;1902980199;2718885503;93580887
"29099903030";"Prima Emitida Directa";"CORRIENTE D텍IL";822910307;1718679017;2591960380;3467170676;4446439127;5562110521;6364749178;7316937927;8280269183;9202236200;9466575226;10988155156;161586342;371594401;1352963759;2126696398;2662467986;2994235189;3267464183;5188555662;6962649921;8066156566;8421541503;8446504713;246266496
"29099903030";"Prima Emitida Directa";"TODO RIESGO CONTRATISTA";37942128;87355807;129727731;180972993;231154863;261778785;277361664;291015464;307232281;328598748;393209298;102059591;59069451;58696504;114639401;128226037;144859342;163387549;201748604;197072354;181881446;237534154;286711357;285807354;-2687624
"29099903030";"Prima Emitida Directa";"MANEJO";69358857;129918961;209981656;246461191;4156310361;4266746194;4326735392;4377773472;4471564265;4535621812;4591851130;4665018168;42809886;149690560;237980489;247435454;3905834562;3979238940;4031686562;4082321043;4206269142;4295528872;4359376983;4431633611;69719992
"29099903030";"Prima Emitida Directa";"LUCRO CESANTE";147815271;267156388;347186988;373434810;423965549;569239457;615099194;734481142;827070078;906926685;984635256;1136177141;215647543;328910588;388097969;439061483;461153442;529979741;716472011;939856544;1073962976;1153364569;1235158779;1460764445;145312191
"29099903030";"Prima Emitida Directa";"MONTAJE Y ROTURA DE MAQUINARIA";707288103;1610489445;2439232922;3118256689;4313451618;5297915780;6451487548;7578247322;9123466096;10486123871;12254087700;13834334039;719170800;1872695375;2959193355;3422051125;4751071746;5552492383;6653382378;7660102397;8954700794;10491485491;11756487898;13145088558;1182719672
"29099903030";"Prima Emitida Directa";"AVIACI흁";0;0;0;0;0;0;0;0;0;0;0;0;0;0;0;0;0;0;0;0;0;0;0;0;0
"29099903030";"Prima Emitida Directa";"NAVEGACI흁 Y CASCO";0;0;0;0;0;0;0;0;0;0;0;0;0;0;0;0;0;0;0;0;0;0;0;0;0
"29099903030";"Prima Emitida Directa";"MINAS Y PETR휿EOS";0;0;0;0;0;0;0;0;0;0;0;0;0;0;0;0;0;0;0;0;0;0;0;0;0
"29099903030";"Prima Emitida Directa";"VIDRIOS";0;0;0;0;0;0;0;0;0;0;0;0;0;0;0;0;0;0;0;0;0;0;0;0;0
"29099903030";"Prima Emitida Directa";"CR텏ITO COMERCIAL";0;0;0;0;0;0;0;0;0;0;0;0;0;0;0;0;0;0;0;0;0;0;0;0;0
"29099903030";"Prima Emitida Directa";"CR텏ITO A LA EXPORTACI흁";0;0;0;0;0;0;0;0;0;0;0;0;0;0;0;0;0;0;0;0;0;0;0;0;0
"29099903030";"Prima Emitida Directa";"ELIMINADA";0;0;0;0;0;0;0;0;0;0;0;0;0;0;0;0;0;0;0;0;0;0;0;0;0
"29099903030";"Prima Emitida Directa";"DESEMPLEO";0;0;0;0;0;0;0;0;0;0;0;0;0;0;0;0;0;0;0;0;0;0;0;0;0
"29099903030";"Prima Emitida Directa";"HOGAR";0;0;0;0;0;0;0;0;0;0;0;0;0;0;0;0;0;0;0;0;0;0;0;0;0
"29099903030";"Prima Emitida Directa";"EXEQUIAS";27533887;44737269;49483124;54981616;59418502;65679698;83652637;105092349;124183968;146034748;151529554;156228488;6567224;7151195;14055463;16430385;16071839;17916905;21692173;104627282;131476318;149907123;171460048;188021626;15059766
"29099903030";"Prima Emitida Directa";"ACCIDENTES PERSONALES";973530448;2380645539;4004260569;5456659995;7154109379;8743332276;10335420759;12326861518;14058825769;15979876915;17993569854;19922987154;1602053362;3804641060;5372840596;6666067530;8652809112;10941971714;12710487943;14595817746;15946254752;17986490091;20108726623;19566957118;1184248035
"29099903030";"Prima Emitida Directa";"COLECTIVO VIDA";0;0;0;0;0;0;0;0;0;0;0;0;0;0;0;0;0;0;0;0;0;0;0;0;0
"29099903030";"Prima Emitida Directa";"EDUCATIVO";0;0;0;0;0;0;0;0;0;0;0;0;0;0;0;0;0;0;0;0;0;0;0;0;0
"29099903030";"Prima Emitida Directa";"VIDA GRUPO";13157189399;28198446405;43932185206;59931053834;76290109893;94243561564;110492879615;127571702154;145988542022;164064159194;181843064181;200129213355;16229735099;33459695812;52577006897;70519816687;90209650173;113054103488;129370253931;148748187426;167496854324;184338621812;201240717395;214400146237;14912502941
"29099903030";"Prima Emitida Directa";"SALUD";0;0;0;0;0;0;0;0;0;0;0;0;0;0;0;0;0;0;0;0;0;0;0;0;0
"29099903030";"Prima Emitida Directa";"ENFERMEDADES DE ALTO COSTO";0;0;0;0;0;0;0;0;0;0;0;0;0;0;0;0;0;0;0;0;0;0;0;0;0
"29099903030";"Prima Emitida Directa";"VIDA INDIVIDUAL";2800531860;5831362941;9014524096;12074662480;15149160053;18324920534;21500870845;24601809895;27734627044;30444037189;33418340997;36627132139;2922771913;5870301764;8791279929;11392612549;14389460763;17373534594;19775549415;23010035613;27148165969;32850515337;38630717068;43120436177;4137078625
"29099903030";"Prima Emitida Directa";"PREVISIONAL";0;0;157159266;157159266;157159266;157159266;157159266;157159266;157159266;157159266;157159266;157159266;0;0;0;0;0;0;0;0;0;0;0;0;0
"29099903030";"Prima Emitida Directa";"RIESGOS LABORALES";0;0;0;0;0;0;0;0;0;0;0;0;0;0;0;0;0;0;0;0;0;0;0;0;0
"29099903030";"Prima Emitida Directa";"PENSIONES LEY 100";0;0;0;0;0;0;0;0;0;0;0;101781547;0;0;0;0;0;0;0;0;0;0;0;0;0
"29099903030";"Prima Emitida Directa";"PENSIONES VOLUNTARIAS";0;0;0;0;0;0;0;0;0;0;0;0;0;0;0;0;0;0;0;0;0;0;0;0;0
"29099903030";"Prima Emitida Directa";"PENSIONES CON CONMUTACI흁 PENSIONAL";0;0;0;0;0;0;0;0;0;0;0;0;0;0;0;0;0;0;0;0;0;0;0;0;0
"29099903030";"Prima Emitida Directa";"PATRIM. AUT흁OMO - FDO. PENS. VOLUNTARIAS";0;0;0;0;0;0;0;0;0;0;0;0;0;0;0;0;0;0;0;0;0;0;0;0;0
"29099903030";"Prima Emitida Directa";"RENTAS VOLUNTARIAS";0;0;0;0;0;0;0;0;0;0;0;0;0;0;0;0;0;0;0;0;0;0;0;0;0
"29099903030";"Prima Emitida Directa";"BEPS";0;0;0;0;0;0;0;0;0;0;0;0;0;0;0;0;0;0;0;0;0;0;0;0;0
"29099903030";"Prima Emitida Directa";"AGROPECUARIO";0;0;0;0;0;0;0;0;0;0;0;0;0;0;0;0;0;0;0;0;0;0;0;0;0
"29099903030";"Prima Emitida Directa";"OPERACIONES NO ASIGNABLES A RAMOS";0;0;0;0;0;0;0;0;0;0;0;0;0;0;0;0;0;0;0;0;0;0;0;0;0
"29099903030";"Prima Emitida Directa";"Ramos_Total";25416434974;54760435309;85462554231;115333720831;150749750902;185467561368;216285395136;249457648512;284522428377;320033594490;355582594375;394268833514;28358096540;60766936903;96046211764;127770265641;168501757381;208101673263;241150011082;280250819728;321116675623;360686046244;400189315842;428402275838;30543927433
"29099903030";"Prima Emitida Directa";"Ramos_Vida";16958785594;36455192154;57157612261;77674517191;98809957093;121534653338;142569983122;164762625182;188063338069;210791267312;233563663852;257094501949;20761127598;43141789831;66755182885;88594927151;113267991887;141387526701;161877983462;186458668067;210722751363;235325534363;260151621134;277275561158;20248889367
"29099903030";"Prima Emitida Directa";"Ramos_Generales";8457649380;18305243155;28304941970;37659203640;51939793809;63932908030;73715412014;84695023330;96459090308;109242327178;122018930523;137174331565;7596968942;17625147072;29291028879;39175338490;55233765494;66714146562;79272027620;93792151661;110393924260;125360511881;140037694708;151126714680;10295038066
"29099903030";"Prima Emitida Directa";"Ramos_Objetivo";24953386817;54125415194;84543537993;114284819421;149335503624;183310229206;213519957328;245821072793;280812414976;316014465510;351417801650;390241476522;28236562317;60337179506;95094601850;126295106697;166715305148;206260050335;238347919310;277144040395;317758677243;356730873156;395699616440;423659372547;30395598883
"29099903030";"Prima Emitida Directa";"Ramos_Objetivo_Grales";7994601223;17670223040;27543084998;36767461496;50682705797;61932735134;71107133472;81215606877;92906236173;105380357464;118011297064;133405915386;7475434719;17195389675;28339418965;37700179546;53447313261;64872523634;76469935848;90685372328;107035925880;121405338793;135547995306;146383811389;10146709516
"29099903030";"Prima Emitida Directa";"Ramos_Objetivo_Vida";16958785594;36455192154;57000452995;77517357925;98652797827;121377494072;142412823856;164605465916;187906178803;210634108046;233406504586;256835561136;20761127598;43141789831;66755182885;88594927151;113267991887;141387526701;161877983462;186458668067;210722751363;235325534363;260151621134;277275561158;20248889367
"29099903030";"Prima Emitida Directa";"Ramos_SS";0;0;157159266;157159266;157159266;157159266;157159266;157159266;157159266;157159266;157159266;258940813;0;0;0;0;0;0;0;0;0;0;0;0;0
"29099903030";"Prima Emitida Directa";"Ramos_Vida_sinSS";16958785594;36455192154;57000452995;77517357925;98652797827;121377494072;142412823856;164605465916;187906178803;210634108046;233406504586;256835561136;20761127598;43141789831;66755182885;88594927151;113267991887;141387526701;161877983462;186458668067;210722751363;235325534363;260151621134;277275561158;20248889367
